,Mkt-RF,SMB,HML
192607,2.89,-2.55,-2.39
192608,2.64,-1.14,3.81
192609,0.38,-1.36,0.05
192610,-3.27,-0.14,0.82
192611,2.54,-0.11,-0.61
192612,2.62,-0.07,0.06
192701,-0.05,-0.32,4.58
192702,4.17,0.07,2.72
192703,0.14,-1.77,-2.38
192704,0.47,0.39,0.65
192705,5.45,1.55,4.8
192706,-2.38,0.51,-1.72
192707,7.26,-3.27,-1.13
192708,1.99,-0.77,-3.85
192709,4.77,-3.6,-0.57
192710,-4.29,2.03,-4.47
192711,6.52,2.78,-0.08
192712,2.09,0.98,-1.12
192801,-0.57,4.2,-0.71
192802,-1.69,-2.06,-0.64
192803,8.79,-0.38,-1.11
192804,4.25,4.14,3.25
192805,1.52,2.7,-3
192806,-4.9,-3.76,0.28
192807,0.63,-1.36,-0.54
192808,6.69,-2.04,-2.13
192809,2.87,2.4,0.84
192810,1.31,2.24,-2.14
192811,11.82,-1.82,2.65
192812,0.4,-0.93,-0.52
192901,4.66,-3.35,-1.22
192902,-0.34,-0.33,1.66
192903,-0.85,-4.91,1.57
192904,1.47,-1.12,0.93
192905,-6.38,-5.44,-1.52
192906,9.7,-2.14,-2.74
192907,4.48,-3.87,2.67
192908,8.14,-9.75,0.32
192909,-5.45,1.34,-0.79
192910,-20.07,-4.95,7.54
192911,-12.87,-0.88,5.05
192912,1.28,-4.1,-0.14
193001,5.61,3.49,-1.03
193002,2.5,0.28,0.28
193003,7.09,3.39,0.3
193004,-2.05,-0.35,-0.37
193005,-1.66,-2.1,-0.74
193006,-16.08,-3.59,2.4
193007,4.12,-0.27,-1.7
193008,0.3,-2.16,-0.59
193009,-12.81,-2.41,-5.09
193010,-8.78,-0.2,-1.09
193011,-3.04,2.46,-3.81
193012,-7.86,-4.67,-5.69
193101,6.25,3.47,8.24
193102,10.88,3.45,1.63
193103,-6.35,2.83,-3.2
193104,-10,-4.22,-4.33
193105,-13.29,5.22,-6.31
193106,13.93,-5.01,11.7
193107,-6.63,1.49,-2.2
193108,0.4,-2.08,-1.7
193109,-28.74,-1.02,-7.24
193110,7.99,-0.28,3.12
193111,-9.14,4.4,-5.19
193112,-13.52,-0.87,-9.19
193201,-1.57,4.41,9.74
193202,5.45,-2.51,-1.47
193203,-11.3,2.13,-2.2
193204,-17.94,0.93,2.07
193205,-20.51,4.21,-4.08
193206,-0.77,0.4,5.85
193207,33.61,-4.29,35.52
193208,37.12,13.46,34.2
193209,-2.94,-2.15,-7.37
193210,-13.15,-2.59,-10.47
193211,-5.88,1.83,-13.19
193212,4.42,-8.3,-7.54
193301,1.24,0.73,6.46
193302,-15.29,-2.63,-2.92
193303,3.06,3.6,7.09
193304,38.81,3.02,20.1
193305,21.43,35.96,18.66
193306,13.1,8.65,-1.64
193307,-9.64,-1.06,3.3
193308,12.04,-5.16,3.05
193309,-10.65,-0.58,-11.71
193310,-8.36,-0.07,-8.49
193311,9.97,-6.37,2.27
193312,1.82,0.36,-1.99
193401,12.6,13.21,16.2
193402,-2.51,5.05,1.86
193403,0.09,2.45,-2.59
193404,-1.79,2.73,-3.83
193405,-7.26,-0.31,-5.9
193406,2.71,-2.18,-2.85
193407,-10.94,-7.12,-10.76
193408,5.58,5.55,0.17
193409,-0.24,-1.5,-1.21
193410,-1.66,1.23,-5
193411,8.33,6.6,-2.14
193412,0.36,3.28,-3.16
193501,-3.46,0.96,-1.77
193502,-1.96,0.32,-7.48
193503,-3.71,-3.43,-5.03
193504,9.06,-1.58,4.37
193505,3.46,-3.2,2.45
193506,5.93,-2.53,-1.52
193507,7.54,2.02,6.58
193508,2.65,6.01,6.29
193509,2.62,1.55,-4.12
193510,7.03,2.67,-2.33
193511,4.87,4.65,12.2
193512,4.55,0.09,0.83
193601,6.89,5.6,10.95
193602,2.49,0.84,4.33
193603,0.96,0.69,-1.59
193604,-8.14,-5.99,-2.28
193605,5.19,0.89,2.55
193606,2.4,-3.22,-1.19
193607,6.68,1.07,2.53
193608,0.99,0.61,3.79
193609,0.97,3.12,0.94
193610,7.1,-2.35,2.51
193611,3.26,8.7,-1.25
193612,0.2,3.87,4.14
193701,3.35,4.49,2.78
193702,1.08,0.64,4.28
193703,-0.26,-1.25,7.04
193704,-7.36,-3.72,-3.46
193705,-0.83,-0.69,-3.46
193706,-4.23,-3.91,-3.12
193707,8.91,0.88,0.81
193708,-4.88,0.45,-2.25
193709,-13.62,-7,-4.55
193710,-9.59,0.45,-1.52
193711,-8.33,-3.56,0.22
193712,-4.29,-7.92,-0.47
193801,0.48,4.84,-1.53
193802,5.85,0.41,-1.97
193803,-23.91,-4.3,-3.63
193804,14.48,6.4,0.45
193805,-3.86,-2.47,-0.24
193806,23.89,4.22,0.37
193807,7.33,6.69,2.28
193808,-2.68,-2.48,-4.78
193809,0.83,-2.68,-1.7
193810,7.8,5.81,5.04
193811,-1.74,-2.55,-1.2
193812,4.16,-1.81,0.54
193901,-5.97,-1.54,-3.92
193902,3.51,0.61,2.92
193903,-12.03,-4.75,-8.27
193904,-0.18,1.67,-0.3
193905,6.81,2.8,0.47
193906,-5.33,-1.09,-5.28
193907,10.22,4.18,0.13
193908,-6.68,-4.59,-2.47
193909,16.89,20.57,21.76
193910,-0.53,-0.08,-4.79
193911,-3.65,-5.12,-6.3
193912,2.93,0.92,-4.19
194001,-2.41,0.23,-0.77
194002,1.44,2.52,-0.36
194003,2.05,1.24,-1.27
194004,0.22,3.99,-0.22
194005,-22,-6.62,-3.72
194006,6.69,-2.32,4.88
194007,3.17,0.99,-0.75
194008,2.21,-0.18,0.55
194009,2.39,3.2,-1.14
194010,3.03,0.33,4.65
194011,-1.65,1.98,0.16
194012,0.69,-2.12,-0.89
194101,-4.18,0.98,3.83
194102,-1.43,-1.56,0.89
194103,0.84,0.09,3.05
194104,-5.46,-1.67,3.41
194105,1.37,-0.64,0.61
194106,5.83,1.31,0.61
194107,5.87,5.74,7.24
194108,-0.17,-0.43,-1.1
194109,-0.88,-0.98,-0.27
194110,-5.26,-2.07,1.63
194111,-1.95,-1.08,-0.6
194112,-4.88,-2.86,-5.94
194201,0.79,7.45,10.1
194202,-2.46,1.74,-1.15
194203,-6.6,1.87,-0.61
194204,-4.37,-0.44,2.09
194205,5.96,-3.2,-2.67
194206,2.68,-1.28,0.43
194207,3.51,-0.15,2.41
194208,1.8,-0.04,1.33
194209,2.62,0.63,2.39
194210,6.82,1.69,6.47
194211,0.13,-1.42,-4.23
194212,5.14,-2.55,0.55
194301,7.13,8.77,8.23
194302,6.16,4.84,6.52
194303,6.03,5.13,5.49
194304,0.81,2.09,5.86
194305,5.75,4.46,3.28
194306,1.82,-0.98,-0.75
194307,-4.78,-2.31,-2.23
194308,1.3,-0.64,-0.47
194309,2.4,1.3,1.42
194310,-1.15,0.6,1.68
194311,-5.93,-1.57,-3.99
194312,6.37,3.1,2.9
194401,1.74,2.61,2.29
194402,0.37,-0.08,0.85
194403,2.46,1.65,3.35
194404,-1.69,-1.31,-1.06
194405,5.08,1.68,1.03
194406,5.51,4.11,1.89
194407,-1.49,0.58,-0.42
194408,1.56,2.37,-1.44
194409,0.02,0.48,-1.2
194410,0.16,-0.16,-0.36
194411,1.71,0.35,2.38
194412,4.04,2.23,5.87
194501,2.01,2.45,0.68
194502,6.23,1.62,4.43
194503,-3.91,-1.66,-1.57
194504,7.8,0.48,3.11
194505,1.74,1.53,0.34
194506,0.39,3.14,4.27
194507,-2.17,-1.45,-2.73
194508,6.22,1.6,-4.4
194509,4.77,1.74,0.46
194510,3.89,2.36,2.14
194511,5.4,4.18,4.35
194512,1.19,2.16,-2.4
194601,6.24,3.98,2.28
194602,-5.84,-0.68,-1.27
194603,5.88,0.3,-0.37
194604,4.23,2.37,0.46
194605,3.94,1.48,1.1
194606,-3.89,-1.55,-0.53
194607,-2.69,-1.91,0.05
194608,-6.46,-1.8,0.6
194609,-10.18,-4.43,-1.97
194610,-1.44,0.17,3.45
194611,-0.02,-0.37,1.53
194612,4.97,0,-1.41
194701,1.25,2.2,-0.74
194702,-1.09,0.7,0.14
194703,-1.68,-1.6,0.61
194704,-4.8,-3.97,0.85
194705,-0.96,-3.27,0.32
194706,5.3,-0.33,-0.64
194707,4.13,1.47,2.76
194708,-1.74,0.33,0.14
194709,-0.54,1.62,1.36
194710,2.47,0.52,0.11
194711,-1.99,-1.69,1.07
194712,3.01,-2.47,3.74
194801,-3.93,2.52,1.38
194802,-4.38,-1.7,0.05
194803,8.11,0.12,4.52
194804,3.65,-1.64,4.12
194805,7.32,0.87,-1.27
194806,-0.11,-1.78,2.84
194807,-5.08,-0.38,0.11
194808,0.24,-1.13,0.29
194809,-2.99,-1.27,-1.77
194810,5.96,-1.48,0.58
194811,-9.34,-0.61,-4.15
194812,3.26,-2.85,-1.95
194901,0.23,1.71,1.25
194902,-2.93,-1.87,-0.89
194903,4.05,2.48,1.31
194904,-1.87,-0.92,-1.12
194905,-2.98,-0.78,-2.39
194906,0.1,-0.86,-1.65
194907,5.54,0.55,0.39
194908,2.59,0.14,-0.59
194909,3.09,1.05,0.23
194910,3.14,1.03,-0.49
194911,1.81,-0.94,-0.9
194912,5.14,2.08,1.73
195001,1.7,3.34,0.15
195002,1.48,0.02,-0.79
195003,1.26,-1.43,-2.78
195004,3.94,2,1.33
195005,4.32,-2.13,0.47
195006,-5.96,-2.41,-0.79
195007,1.37,0.54,13.69
195008,4.86,0.74,-1.37
195009,4.82,0.59,-1.1
195010,-0.19,-0.66,1.36
195011,2.74,-0.89,3.19
195012,5.57,1.53,7.27
195101,5.7,1.67,3.79
195102,1.4,0.14,-2.79
195103,-2.16,-0.66,-4.26
195104,4.86,-1.48,3.26
195105,-2.36,-0.08,-1.42
195106,-2.63,-1.96,-3.98
195107,6.95,-2.05,2
195108,4.29,0.95,-0.17
195109,0.7,1.86,0.62
195110,-2.53,-0.23,0.18
195111,0.58,-0.33,-0.08
195112,3.33,-2.24,-1.55
195201,1.45,-0.65,1.48
195202,-2.64,0.85,-0.62
195203,4.44,-2.97,2.23
195204,-4.97,0.49,-0.03
195205,3.2,-1,0.02
195206,3.84,-1.63,1.24
195207,0.91,-0.41,-0.32
195208,-0.77,1.15,0.09
195209,-2.04,1.09,-1.42
195210,-0.66,-1.03,-0.55
195211,5.96,-0.72,1.02
195212,2.93,-1.51,0.19
195301,-0.34,3.54,1.28
195302,-0.27,2.22,-0.05
195303,-1.44,-0.21,-0.84
195304,-2.83,0.26,1.55
195305,0.51,-0.05,0.25
195306,-1.89,-1.89,-0.5
195307,2.4,-1.04,-0.25
195308,-4.56,0.37,-3.52
195309,0.21,-0.85,-2.44
195310,4.6,-1.36,-0.19
195311,2.84,-1.3,-0.15
195312,0.02,-0.85,-2.83
195401,5.13,0.5,3.45
195402,1.67,-0.18,-0.27
195403,3.66,-0.5,-1.45
195404,4.27,-3.47,-0.37
195405,3.1,0.39,2.45
195406,1.08,0.38,0.02
195407,5,1.05,4.14
195408,-2.35,2.68,-1.42
195409,6.4,-2.56,0.68
195410,-1.67,0.61,0.64
195411,9.41,-2.65,4.45
195412,5.49,2.18,5.68
195501,0.6,0.24,2.1
195502,3.02,1.55,0.61
195503,-0.15,-0.65,1.93
195504,3.11,-1.75,0.75
195505,0.94,-0.25,-0.96
195506,6.55,-4.61,1.85
195507,1.89,-1.2,0.39
195508,0.22,-0.46,0.75
195509,-0.37,0.3,-1.01
195510,-2.67,1.46,-0.11
195511,7.04,-2.2,0.33
195512,1.49,1.98,-2.11
195601,-3.03,0.5,0.82
195602,3.78,-0.97,-0.46
195603,6.64,-2.13,-0.49
195604,0.28,-0.03,-0.16
195605,-5.22,1.5,-1.32
195606,3.47,-1.53,-1.1
195607,4.84,-1.69,-0.07
195608,-3.19,1.89,-0.73
195609,-5.14,1.6,1.75
195610,0.52,-0.12,-0.07
195611,0.35,-0.21,1.76
195612,3.16,-0.02,-2.15
195701,-3.57,3.38,2.83
195702,-2.07,-0.75,-0.66
195703,2.13,0.33,-0.53
195704,4.26,-1.57,-1.47
195705,3.46,-1.08,-2.01
195706,-0.75,0.59,-0.03
195707,0.66,-0.8,0.48
195708,-5.12,0.06,-0.45
195709,-5.99,0.06,0.95
195710,-4.32,-2.46,-1.88
195711,2.31,0.4,-2.91
195712,-3.9,-0.91,-1.76
195801,4.65,4.29,4.34
195802,-1.53,0.75,0.23
195803,3.27,0.69,-1.03
195804,3.09,-0.69,1.64
195805,2.32,2.16,-0.2
195806,2.93,-0.14,0.31
195807,4.39,0.47,3.07
195808,1.9,1.15,0.33
195809,4.66,0.08,2.8
195810,2.53,1.05,-1.13
195811,3.01,2.05,-1.17
195812,5.16,-2.02,0.06
195901,0.71,3.02,2.92
195902,0.95,1.48,1.15
195903,0.28,1.45,-0.34
195904,3.66,-0.68,-1.24
195905,1.73,-2.1,1.8
195906,-0.24,0.67,1.32
195907,3.18,-0.35,0.27
195908,-1.38,-0.78,0.44
195909,-4.81,-0.15,0.53
195910,1.28,1.52,-2.1
195911,1.6,1.26,-3.22
195912,2.46,-0.63,-0.01
196001,-6.98,2.12,2.65
196002,1.16,0.6,-1.97
196003,-1.63,-0.55,-2.75
196004,-1.71,0.22,-2.14
196005,3.12,1.29,-3.73
196006,2.08,-0.28,-0.27
196007,-2.37,-0.52,2.1
196008,3,0.69,-0.18
196009,-6,-1.12,1.68
196010,-0.71,-4.09,2.83
196011,4.69,0.38,-2.39
196012,4.73,-1.58,-0.77
196101,6.2,0.6,3.65
196102,3.57,3.89,-0.58
196103,2.89,3.22,-0.82
196104,0.29,0.07,2.13
196105,2.4,1.97,0.38
196106,-3.08,-2.49,-0.09
196107,2.83,-1.94,-0.08
196108,2.57,-1.71,-0.3
196109,-2.15,-1.07,-0.61
196110,2.58,-1.61,0.18
196111,4.45,1.26,-1.22
196112,-0.17,-0.87,1.76
196201,-3.87,1.74,5.11
196202,1.81,-1.15,0.82
196203,-0.68,0.66,-1.58
196204,-6.59,-0.85,0.14
196205,-8.66,-3.14,2.73
196206,-8.5,-0.46,2.42
196207,6.27,1.52,-3.37
196208,2.13,1.22,-1.12
196209,-5.22,-2.4,1.33
196210,-0.05,-3.95,1.3
196211,10.89,2.5,0.85
196212,1.01,-3.76,0.32
196301,4.94,3.01,2.24
196302,-2.4,0.46,2.15
196303,3.08,-2.58,2.1
196304,4.51,-1.26,1
196305,1.76,1.08,2.55
196306,-2,-0.32,0.65
196307,-0.39,-0.57,-0.81
196308,5.08,-0.95,1.7
196309,-1.57,-0.25,0
196310,2.54,-0.57,-0.04
196311,-0.86,-1.16,1.73
196312,1.83,-1.96,-0.21
196401,2.24,-0.24,1.63
196402,1.55,0.12,2.81
196403,1.41,0.95,3.29
196404,0.1,-1.35,-0.54
196405,1.41,-0.84,1.81
196406,1.27,-0.23,0.68
196407,1.74,0.19,0.79
196408,-1.44,0.01,0.07
196409,2.69,-0.63,1.72
196410,0.6,0.48,1.08
196411,-0.01,0.62,-2.04
196412,0.04,-0.24,-2.43
196501,3.54,2.57,0.36
196502,0.44,3.31,0.22
196503,-1.34,1.79,1.15
196504,3.11,1.14,0.73
196505,-0.78,0.02,-1.55
196506,-5.51,-4.07,0.23
196507,1.44,0.86,2.19
196508,2.73,2.85,-0.98
196509,2.86,0.63,-0.14
196510,2.6,2.52,1.55
196511,-0.03,4.69,0.16
196512,1.01,2.07,2.15
196601,0.72,4.02,3.27
196602,-1.21,4.44,0.38
196603,-2.51,0.86,-2.13
196604,2.13,3.44,-0.36
196605,-5.67,-4.6,-1.6
196606,-1.44,1.02,0.49
196607,-1.63,-0.35,0.91
196608,-7.94,-3.26,0.5
196609,-1.06,-1.01,0.48
196610,3.86,-6.6,2.74
196611,1.38,4.07,-4.63
196612,0.13,1.93,-0.95
196701,8.15,8.1,2.36
196702,0.77,3.32,-2.26
196703,3.99,1.47,0.47
196704,3.89,0.47,-2.29
196705,-4.32,2.11,0.8
196706,2.42,5.85,0.8
196707,4.58,3.17,2.75
196708,-0.9,0.43,1.43
196709,3.1,3.04,-2.47
196710,-3.08,1.47,-3.29
196711,0.37,0.18,-1.71
196712,3.05,5.62,-0.54
196801,-4.03,3.99,4.85
196802,-3.74,-2.94,1.23
196803,0.21,-1.3,-0.63
196804,9.02,5.66,-1.1
196805,2.28,6.29,0.82
196806,0.7,-0.19,0.66
196807,-2.69,-1.28,5.31
196808,1.35,2.42,0.99
196809,4.05,2.74,0.3
196810,0.43,-0.5,2.82
196811,5.43,2.34,-0.96
196812,-3.93,3.36,0.04
196901,-1.25,-0.63,1.66
196902,-5.86,-3.96,0.89
196903,2.66,-0.3,-0.42
196904,1.46,-0.81,0.02
196905,-0.09,-0.32,0.62
196906,-7.19,-5.34,-1.1
196907,-7,-3.24,1.18
196908,4.69,0.81,-3.75
196909,-2.97,1.23,-3.22
196910,5.06,3.92,-3.12
196911,-3.8,-2.55,-1.25
196912,-2.63,-3.68,-2.88
197001,-8.1,2.91,3.17
197002,5.14,-2.39,3.69
197003,-1.06,-2.31,4.08
197004,-10.99,-6.14,6.14
197005,-6.9,-4.61,3.32
197006,-5.8,-2.08,0.44
197007,6.92,-0.55,0.93
197008,4.5,1.48,1.41
197009,4.18,8.61,-5.41
197010,-2.27,-4.17,0.21
197011,4.62,-3.97,1.58
197012,5.74,2.82,1.04
197101,4.83,7.28,1.55
197102,1.41,1.86,-1.24
197103,4.12,2.6,-3.95
197104,3.15,-0.49,0.86
197105,-3.99,-1.04,-1.33
197106,-0.09,-1.53,-1.97
197107,-4.49,-1.51,-0.02
197108,3.79,-0.22,2.64
197109,-0.86,0.5,-2.9
197110,-4.42,-1.75,-0.51
197111,-0.46,-2.77,-1.67
197112,8.71,3.29,-0.38
197201,2.47,5.84,2.12
197202,2.87,1.32,-2.83
197203,0.62,-0.29,-1.61
197204,0.29,0.16,0.03
197205,1.29,-2.71,-2.72
197206,-2.43,0.28,-2.46
197207,-0.8,-2.9,0.6
197208,3.27,-3.99,4.56
197209,-1.14,-2.66,0.49
197210,0.52,-2.73,1.22
197211,4.6,-1.18,4.88
197212,0.62,-1.95,-2.18
197301,-3.27,-3.49,2.7
197302,-4.85,-3.89,1.64
197303,-1.3,-2.78,2.57
197304,-5.68,-3.84,5.39
197305,-2.97,-6.27,0.38
197306,-1.57,-2.84,1.14
197307,5.04,7.92,-5.26
197308,-3.82,-2,1.03
197309,4.74,2.93,2.22
197310,-0.83,-0.21,1.66
197311,-12.78,-7.72,4.09
197312,0.59,-5.4,4.01
197401,-0.16,9.68,5.95
197402,-0.46,0,2.47
197403,-2.82,2.5,-0.14
197404,-5.28,-0.68,0.92
197405,-4.7,-2.93,-2.08
197406,-2.84,-0.24,0.83
197407,-8.06,0.78,5.16
197408,-9.39,-0.69,2.61
197409,-11.79,0.27,5.43
197410,16.11,-3.43,-9.91
197411,-4.53,-1.17,-0.25
197412,-3.44,-4.74,0.12
197501,13.67,11.06,8.26
197502,5.56,0.12,-4.47
197503,2.66,3.75,2.42
197504,4.22,-0.64,-1.13
197505,5.2,3.93,-4.05
197506,4.87,0.81,1.35
197507,-6.6,2.66,1.76
197508,-2.84,-3.17,-0.91
197509,-4.26,-0.16,0.33
197510,5.32,-4.08,0.35
197511,2.65,-1.22,2.03
197512,-1.6,-0.87,1.7
197601,12.15,4.87,8.63
197602,0.31,6.97,5.71
197603,2.32,-1.17,-0.11
197604,-1.49,-0.08,-0.16
197605,-1.34,-1.19,-1.29
197606,4.06,-1.32,0.73
197607,-1.06,0.28,1.74
197608,-0.57,-2.05,0.79
197609,2.06,0.08,-0.31
197610,-2.42,0.14,-0.17
197611,0.36,2.34,1.53
197612,5.65,3.03,2.23
197701,-4.03,4.75,4.32
197702,-1.94,1.03,0.45
197703,-1.35,0.99,1.09
197704,0.15,-0.13,3.38
197705,-1.47,1.25,0.81
197706,4.72,2.07,-0.62
197707,-1.69,2.09,-0.6
197708,-1.76,1.55,-2.77
197709,-0.27,1.5,-0.26
197710,-4.39,1.19,1.62
197711,4,3.68,0.23
197712,0.27,1.36,-0.29
197801,-6,2.28,3.38
197802,-1.39,3.59,0.81
197803,2.85,3.44,1.15
197804,7.87,0.36,-3.54
197805,1.76,4.53,-0.55
197806,-1.69,1.74,0.6
197807,5.12,0.29,-1
197808,3.78,5.06,-0.66
197809,-1.44,-0.49,1.88
197810,-11.9,-9.89,1.26
197811,2.71,3.06,-2.08
197812,0.87,1.19,-2.14
197901,4.22,3.55,2.19
197902,-3.56,0.44,1.17
197903,5.67,3.2,-0.68
197904,-0.07,2.17,1.12
197905,-2.2,0.21,1.32
197906,3.84,1.13,1.42
197907,0.83,1.28,1.79
197908,5.54,1.98,-1.58
197909,-0.83,-0.26,-0.94
197910,-8.1,-3.38,-1.83
197911,5.22,2.81,-3.21
197912,1.78,4.13,-2.13
198001,5.5,1.62,1.85
198002,-1.23,-1.86,0.59
198003,-12.9,-6.7,-0.96
198004,3.95,1.05,1.03
198005,5.26,2.05,0.38
198006,2.98,1.66,-0.8
198007,6.51,4.1,-6.29
198008,1.75,3.9,-2.46
198009,2.19,0.96,-4.61
198010,1.04,2.39,-2.93
198011,9.6,-3.27,-8.11
198012,-4.46,-0.28,2.8
198101,-5.06,2.91,6.74
198102,0.61,-0.47,0.97
198103,3.67,3.34,0.61
198104,-2.16,4.5,2.28
198105,0.13,1.94,-0.43
198106,-2.34,-0.83,5.14
198107,-1.55,-2.07,-0.61
198108,-7.02,-1.95,4.71
198109,-7.19,-2.68,5.11
198110,4.92,2.13,-4.09
198111,3.4,-1.09,1.91
198112,-3.63,1.18,0.79
198201,-3.23,-1.25,3.19
198202,-5.86,0.46,6.09
198203,-1.82,-0.19,3.76
198204,3.24,1.64,-3.08
198205,-3.93,0.17,1.78
198206,-3.08,-0.43,1.56
198207,-3.2,0.91,0.07
198208,11.23,-4.28,1.09
198209,1.31,2.87,0.23
198210,11.3,2.38,-3.62
198211,4.68,4.63,-1.8
198212,0.56,-0.31,-0.06
198301,3.59,2.82,-0.72
198302,2.59,3.18,0.66
198303,2.81,1.75,2.06
198304,6.66,0.46,0.43
198305,0.51,6.2,-1.4
198306,3.07,0.93,-3.89
198307,-4.06,1.5,5.54
198308,-0.5,-4.29,5.59
198309,0.92,0.61,0.99
198310,-3.43,-3.55,4.96
198311,2.17,2.02,-0.73
198312,-1.77,-0.25,1.75
198401,-1.92,-0.35,7.48
198402,-4.77,-1.68,3.41
198403,0.65,0.1,0.53
198404,-0.51,-1.16,1.19
198405,-5.98,0.07,0.26
198406,1.81,-0.24,-2.75
198407,-2.72,-2.2,0.39
198408,10.27,-0.27,-1.74
198409,-0.8,0.15,5.25
198410,-0.84,-1.11,0.59
198411,-1.77,-0.72,3.87
198412,1.85,-0.48,-0.03
198501,7.97,3.28,-5.2
198502,1.22,0.63,-0.36
198503,-0.83,-1.07,4.01
198504,-0.96,0.09,3.6
198505,5.07,-2.3,-0.98
198506,1.27,0.48,0.38
198507,-0.72,2.83,-1.62
198508,-1.01,-0.3,2.34
198509,-4.51,-1.62,1.21
198510,4,-1.5,0.77
198511,6.46,0.19,-2.91
198512,3.88,-0.53,-1.46
198601,0.65,1.15,0.46
198602,7.14,-0.57,-0.63
198603,4.91,-0.54,-0.39
198604,-1.28,2.76,-2.81
198605,4.62,-1.36,-0.14
198606,1.06,-0.93,1.2
198607,-6.43,-3.43,4.66
198608,6.07,-4.16,3.54
198609,-8.59,2.4,3.23
198610,4.64,-2.53,-1.42
198611,1.17,-1.87,-0.02
198612,-3.26,0.19,0.36
198701,12.45,-1.89,-3.18
198702,4.38,3.45,-5.86
198703,1.63,0.5,1.66
198704,-2.09,-1.72,-0.36
198705,0.11,-0.53,0.22
198706,3.91,-2.03,1.13
198707,3.84,-0.57,0.94
198708,3.52,-0.85,-0.98
198709,-2.58,0.58,0.26
198710,-23.19,-8.27,4.18
198711,-7.76,2.68,3.14
198712,6.82,0.03,-4.42
198801,4.21,-0.75,4.93
198802,4.77,3.33,-1.53
198803,-2.26,6.01,0.86
198804,0.57,0.91,1.51
198805,-0.27,-2.54,2.44
198806,4.78,2.02,-1.35
198807,-1.25,-0.23,2.18
198808,-3.31,0.07,2.14
198809,3.31,-1.34,-0.75
198810,1.16,-2.92,2.03
198811,-2.27,-1.64,1.47
198812,1.48,1.89,-1.83
198901,6.07,-2.19,0.61
198902,-2.23,2.81,0.99
198903,1.57,0.67,0.47
198904,4.35,-0.67,-1.48
198905,3.28,-0.09,-0.9
198906,-1.33,-0.97,2.21
198907,7.18,-4.11,-2.8
198908,1.43,0.57,0.62
198909,-0.76,0.3,-1.27
198910,-3.65,-3.24,-1.16
198911,1.04,-1.19,-1.13
198912,1.18,-2.37,0.15
199001,-7.8,-1.14,0.83
199002,1.12,0.97,0.65
199003,1.83,1.47,-2.9
199004,-3.36,-0.47,-2.57
199005,8.43,-2.56,-3.89
199006,-1.09,1.35,-2
199007,-1.9,-3.08,-0.06
199008,-10.12,-3.5,1.56
199009,-6.11,-3.64,0.59
199010,-1.92,-5.52,0.08
199011,6.35,0.42,-2.97
199012,2.46,0.79,-1.57
199101,4.69,3.78,-1.48
199102,7.19,4.01,-0.62
199103,2.66,3.88,-1.3
199104,-0.28,0.5,1.49
199105,3.66,-0.39,-0.52
199106,-4.94,0.18,1.08
199107,4.24,-0.97,-1.3
199108,2.32,1.58,-0.79
199109,-1.59,1.68,-1.23
199110,1.29,0.77,-0.43
199111,-4.2,-0.51,-1.77
199112,10.85,-2.26,-4.23
199201,-0.59,8.48,4.67
199202,1.08,0.83,6.51
199203,-2.65,-0.97,3.49
199204,1.09,-6.12,4.36
199205,0.3,0.41,1.11
199206,-2.33,-3.1,3.24
199207,3.78,-0.45,-0.51
199208,-2.38,-0.1,-1.09
199209,1.19,0.55,-0.19
199210,1.02,2.11,-1.98
199211,4.14,3.68,-1.52
199212,1.53,1.65,2.64
199301,0.93,1.89,5.9
199302,0.12,-3.39,6.48
199303,2.32,0.29,1.26
199304,-3.05,-0.62,2.55
199305,2.89,2.06,-3.46
199306,0.3,-0.3,2.64
199307,-0.34,0.96,2.87
199308,3.72,0.11,0.18
199309,-0.12,3.09,-0.24
199310,1.42,1.99,-2.78
199311,-1.87,-1.27,-0.78
199312,1.65,1.19,0.25
199401,2.87,0.33,1.1
199402,-2.55,2.76,-1.52
199403,-4.79,-1.08,1.67
199404,0.68,-0.93,1.66
199405,0.58,-2.09,0.6
199406,-3.04,-0.43,1.77
199407,2.82,-1.81,0.61
199408,4.02,1.5,-2.55
199409,-2.28,3.04,-1.81
199410,1.35,-2.16,-1.66
199411,-4.03,0.28,-0.73
199412,0.86,0.17,-0.09
199501,1.8,-3.51,2.59
199502,3.63,-0.61,0.99
199503,2.19,-0.2,-2.13
199504,2.11,-0.51,1.67
199505,2.9,-2.53,2.28
199506,2.72,3.17,-2.54
199507,3.71,2.09,-1.58
199508,0.55,1.31,2.68
199509,3.36,-2.16,-0.11
199510,-1.51,-3.8,-0.49
199511,3.96,-1.12,0.52
199512,1.04,0.66,0.24
199601,2.26,-2.83,0.46
199602,1.33,1.79,-1.05
199603,0.74,1.43,0.42
199604,2.06,5.2,-3.97
199605,2.36,3.2,-0.9
199606,-1.13,-4,2.33
199607,-5.96,-4.3,5.19
199608,2.77,2.45,-0.82
199609,5.01,-1.02,-2.74
199610,0.87,-4.39,4.88
199611,6.25,-4.04,1.4
199612,-1.7,3.12,1.28
199701,4.96,-1.93,-1.44
199702,-0.48,-3.16,5.61
199703,-5.02,-0.33,3.39
199704,4.04,-5.74,0
199705,6.73,5.12,-4.11
199706,4.1,1.21,1.44
199707,7.31,-2.73,0.13
199708,-4.1,7.15,1.13
199709,5.34,2.54,0.24
199710,-3.8,-0.71,2.33
199711,2.99,-5.11,1.22
199712,1.33,-2.48,3.74
199801,0.15,-1.01,-1.68
199802,7.03,0.13,-0.93
199803,4.76,-1.19,1.38
199804,0.74,0.06,1.03
199805,-3.07,-3.4,3.41
199806,3.19,-3.17,-2.03
199807,-2.42,-4.83,-1.83
199808,-16.05,-5.47,3.57
199809,6.19,-0.02,-3.51
199810,6.98,-2.98,-2.33
199811,6.07,1.26,-3.24
199812,6.15,-0.46,-4.25
199901,3.48,0.67,-4.46
199902,-4.08,-6.02,1.95
199903,3.48,-3.84,-2.61
199904,4.34,3.89,2.4
199905,-2.46,3.32,2.49
199906,4.77,3.23,-3.22
199907,-3.49,2.48,-0.18
199908,-1.37,-0.95,-1.93
199909,-2.77,3.12,-2.9
199910,6.09,-6.94,-2.88
199911,3.41,6.87,-5.65
199912,7.66,6.56,-7.66
200001,-4.74,5.16,-1.12
200002,2.46,21.25,-9.77
200003,5.21,-17.41,8.5
200004,-6.39,-6,6.45
200005,-4.39,-6.08,4.59
200006,4.68,12.71,-8.04
200007,-2.48,-2.84,8.06
200008,7.03,-0.5,-1.37
200009,-5.44,-1.74,7.24
200010,-2.78,-3.85,5.58
200011,-10.7,-3.08,12.24
200012,1.18,0.82,7.55
200101,3.25,6.41,-5.05
200102,-10.03,-0.65,12.23
200103,-7.25,0.26,6.47
200104,7.93,0.5,-4.64
200105,0.68,2.48,3.38
200106,-1.94,6.35,-1.26
200107,-2.13,-4.05,4.95
200108,-6.4,2.19,2.86
200109,-9.24,-6.23,1.52
200110,2.48,7.49,-7.31
200111,7.53,-0.57,2.17
200112,1.61,4.72,0.83
200201,-1.44,1.17,3.42
200202,-2.3,-1.08,2.34
200203,4.24,4.09,1.08
200204,-5.21,5.82,4.01
200205,-1.36,-3.27,1.52
200206,-7.23,4.08,0.37
200207,-8.19,-5.25,-3.51
200208,0.5,-2.8,3.01
200209,-10.34,2.42,1.26
200210,7.84,-3.4,-3.76
200211,5.96,3.26,-1.16
200212,-5.76,-0.04,2.11
200301,-2.57,1.34,-0.79
200302,-1.88,-0.44,-1.36
200303,1.09,1.17,-2.11
200304,8.18,0.76,1.22
200305,6.05,4.61,0.7
200306,1.42,1.7,0.14
200307,2.33,4.93,-1.53
200308,2.33,2.44,1.64
200309,-1.24,0.85,0.14
200310,6.08,2.59,2.21
200311,1.35,2.06,1.72
200312,4.29,-2.68,1.51
200401,2.15,2.54,2.42
200402,1.4,-1.57,0.95
200403,-1.32,1.73,0.23
200404,-1.81,-1.73,-3.23
200405,1.18,-0.23,-0.18
200406,1.85,2.25,1.21
200407,-4.04,-3.76,3.22
200408,0.07,-1.52,1.08
200409,1.6,3.01,-0.05
200410,1.42,0.13,-0.26
200411,4.53,3.74,1.57
200412,3.42,-0.03,-0.23
200501,-2.75,-1.66,2.06
200502,1.88,-0.57,1.41
200503,-1.94,-1.41,2.07
200504,-2.61,-3.93,0.05
200505,3.65,2.86,-0.58
200506,0.58,2.56,2.8
200507,3.92,2.87,-0.78
200508,-1.2,-1.07,1.34
200509,0.48,-0.62,0.78
200510,-2.04,-1.3,0.43
200511,3.61,1.05,-1.18
200512,-0.24,-0.44,0.15
200601,3.03,5.46,0.99
200602,-0.3,-0.41,-0.31
200603,1.47,3.39,0.61
200604,0.73,-1.38,2.26
200605,-3.56,-3.01,2.38
200606,-0.35,-0.35,0.85
200607,-0.77,-3.95,2.62
200608,2.03,0.99,-1.95
200609,1.84,-1.3,0.06
200610,3.22,1.77,-0.33
200611,1.7,0.63,0.04
200612,0.85,-1.16,2.74
200701,1.38,0.09,-0.68
200702,-1.96,1.23,-0.08
200703,0.71,0.09,-0.88
200704,3.49,-2.21,-1.44
200705,3.23,0.16,-0.59
200706,-1.96,0.73,-1.05
200707,-3.72,-2.66,-3.68
200708,0.94,-0.11,-1.87
200709,3.22,-2.25,-2.17
200710,1.79,0.19,-2.87
200711,-4.8,-2.81,-1.09
200712,-0.87,0.11,-0.51
200801,-6.33,-1.02,4
200802,-3.09,-0.48,-0.72
200803,-0.94,0.71,0.31
200804,4.61,-1.69,-0.96
200805,1.87,2.97,-1.5
200806,-8.43,1.15,-2.51
200807,-0.75,2.6,5.2
200808,1.53,3.4,1.52
200809,-9.35,-1.07,5.66
200810,-17.2,-2.31,-1.89
200811,-7.74,-3.01,-6.21
200812,1.77,3.52,0.05
200901,-8.09,0.04,-11.02
200902,-10.14,0.14,-6.6
200903,9.01,-0.1,3.48
200904,10.17,5.4,5.38
200905,5.21,-2.41,0.41
200906,0.42,2.58,-2.76
200907,7.74,1.75,4.89
200908,3.33,-1.12,7.6
200909,4.08,2.43,1.15
200910,-2.53,-4.26,-4.17
200911,5.63,-2.5,-0.33
200912,2.8,6.01,-0.11
201001,-3.35,0.43,0.33
201002,3.39,1.18,3.18
201003,6.3,1.46,2.19
201004,1.99,4.84,2.96
201005,-7.9,0.13,-2.48
201006,-5.56,-1.79,-4.73
201007,6.92,0.22,-0.5
201008,-4.78,-3.01,-1.73
201009,9.55,3.82,-3.02
201010,3.87,1.08,-2.46
201011,0.59,3.67,-0.9
201012,6.82,0.72,3.56
201101,1.98,-2.29,0.61
201102,3.48,1.5,1.18
201103,0.45,2.49,-1.84
201104,2.9,-0.42,-2.44
201105,-1.27,-0.73,-1.85
201106,-1.74,-0.27,-0.2
201107,-2.35,-1.17,-0.91
201108,-5.96,-2.96,-2.43
201109,-7.58,-3.12,-1.53
201110,11.33,3.05,0.06
201111,-0.27,-0.18,-0.52
201112,0.75,-0.56,1.54
201201,5.05,2.01,-0.93
201202,4.42,-1.84,0.42
201203,3.12,-0.63,1.19
201204,-0.85,-0.37,-0.77
201205,-6.17,0.12,-0.95
201206,3.89,0.72,0.55
201207,0.79,-2.76,-0.06
201208,2.54,0.5,1.23
201209,2.73,0.45,1.62
201210,-1.76,-1.09,3.52
201211,0.78,0.6,-0.86
201212,1.18,1.5,3.48
201301,5.57,0.29,1.01
201302,1.28,-0.3,0.21
201303,4.04,0.83,-0.22
201304,1.56,-2.37,0.44
201305,2.8,1.7,2.67
201306,-1.2,1.31,-0.05
201307,5.65,1.81,0.58
201308,-2.71,0.32,-2.73
201309,3.77,2.89,-1.18
201310,4.17,-1.56,1.22
201311,3.11,1.31,0.19
201312,2.81,-0.44,0
201401,-3.32,0.93,-1.99
201402,4.66,0.36,-0.35
201403,0.43,-1.86,4.9
201404,-0.18,-4.18,1.22
201405,2.05,-1.85,-0.1
201406,2.6,3.05,-0.71
201407,-2.03,-4.18,-0.08
201408,4.24,0.41,-0.57
201409,-1.96,-3.59,-1.47
201410,2.51,4.05,-1.63
201411,2.56,-2.05,-3.13
201412,-0.05,2.53,2.12
201501,-3.1,-0.59,-3.45
201502,6.13,0.61,-1.79
201503,-1.11,3.05,-0.38
201504,0.59,-2.99,1.8
201505,1.37,0.95,-1.11
201506,-1.52,2.94,-0.82
201507,1.57,-4.17,-4.16
201508,-6.02,0.37,2.75
201509,-3.06,-2.63,0.55
201510,7.75,-1.9,-0.47
201511,0.57,3.58,-0.43
201512,-2.15,-2.8,-2.57
201601,-5.74,-3.4,2.08
201602,-0.06,0.73,-0.61
201603,6.95,0.75,1.22
201604,0.92,0.77,3.22
201605,1.78,-0.18,-1.62
201606,-0.03,0.6,-1.49
201607,3.94,2.45,-1.24
201608,0.49,1.17,3.17
201609,0.27,2.08,-1.19
201610,-2.01,-4.39,4.11
201611,4.86,5.6,8.29
201612,1.81,0.14,3.47
201701,1.94,-1.16,-2.76
201702,3.55,-2.15,-1.5
201703,0.17,1.13,-3.33
201704,1.08,0.66,-2.05
201705,1.07,-2.52,-3.82
201706,0.79,2.21,1.5
201707,1.88,-1.45,-0.23
201708,0.18,-1.67,-2.13
201709,2.49,4.45,3.15
201710,2.26,-1.93,0.13
201711,3.12,-0.6,-0.09
201712,1.06,-1.32,0.05
201801,5.58,-3.16,-1.32
201802,-3.64,0.27,-1.1
201803,-2.35,4.05,-0.21
201804,0.27,1.09,0.53
201805,2.66,5.24,-3.14
201806,0.49,1.11,-2.33
201807,3.2,-2.23,0.49
201808,3.45,1.14,-3.91
201809,0.06,-2.29,-1.62
201810,-7.65,-4.7,3.38
201811,1.71,-0.73,0.36
201812,-9.55,-2.31,-1.92
201901,8.37,2.76,-0.39
201902,3.42,2.05,-2.66
201903,1.1,-3.03,-4.14
201904,3.97,-1.74,2.13
201905,-6.92,-1.26,-2.45
201906,6.92,0.26,-0.64
201907,1.23,-1.96,0.5
201908,-2.55,-2.39,-4.77
201909,1.41,-0.97,6.76
201910,2.07,0.27,-1.92
201911,3.87,0.72,-2
201912,2.77,0.76,1.73
202001,-0.11,-3.1,-6.22
202002,-8.15,1.08,-3.82
202003,-13.37,-4.69,-13.83
202004,13.6,2.5,-1.34
202005,5.57,2.4,-5
202006,2.45,2.67,-2.17
202007,5.83,-2.35,-1.44
202008,7.62,-0.2,-3.02
202009,-3.64,0.06,-2.72
202010,-2.08,4.34,4.25
202011,12.45,5.81,2.09
202012,4.63,5.01,-1.68
202101,-0.07,7.14,3.22
202102,2.81,2.02,7.2
202103,3.16,-2.33,7.35
202104,4.95,-3.19,-1.02
202105,0.3,-0.2,7.04
202106,2.74,1.7,-7.86
202107,1.34,-3.93,-1.79
202108,2.94,-0.32,-0.23
202109,-4.4,0.66,5.12
202110,6.63,-2.27,-0.53
202111,-1.58,-1.31,-0.37
202112,3.23,-1.63,3.26
202201,-6.16,-5.93,12.86
202202,-2.28,2.16,3.06
202203,3.08,-1.55,-1.9
202204,-9.41,-1.35,6.18
202205,-0.34,-1.84,8.44
202206,-8.4,2.07,-6
202207,9.57,2.84,-4.15
202208,-3.77,1.41,0.18
202209,-9.34,-0.76,0.03
202210,7.85,0.01,7.97
202211,4.65,-3.57,1.48
202212,-6.38,-0.76,1.34
202301,6.61,5.01,-3.94
202302,-2.57,1.05,-0.8
202303,2.48,-5.48,-9.05
202304,0.62,-3.37,-0.12
202305,0.34,1.6,-7.79
202306,6.46,1.49,-0.13
202307,3.21,2.05,4.06
202308,-2.36,-3.14,-1.15
202309,-5.23,-2.51,1.49
202310,-3.15,-3.86,0.2
202311,8.88,-0.1,1.67
202312,4.85,6.3,4.89
202401,0.73,-5.07,-2.38
202402,5.07,-0.24,-3.43
202403,2.84,-2.5,4.16
202404,-4.65,-2.37,-0.45
202405,4.32,0.55,-1.31
202406,2.8,-3,-3.36
202407,1.22,6.81,5.62
202408,1.6,-3.49,-1.1
202409,1.72,-0.13,-2.77
202410,-1,-0.99,0.86
202411,6.49,4.46,0.15
202412,-3.17,-2.71,-3
202501,2.8,-1.97,1.63
202502,-2.44,-5.79,4.91
202503,-6.39,-2.76,2.9
202504,-0.84,-0.59,-3.4
202505,6.06,0.7,-2.88
202506,4.86,0.83,-1.6
202507,1.98,0.27,-1.26
